Firm Name,Year End,EoF for SCR (£m),Excess of assets over liabilities (£m) [= equity],GWP (£m),"Gross BEL (inc. TPs as whole, pre-TMTP) (£m)",Gross claims incurred (£m),Gross combined ratio,Gross expense ratio,NWP (£m) ,"Net BEL (inc. TPs as a whole, pre-TMTP) (£m)",Net combined ratio,Net expense ratio,Pure gross claims ratio,Pure net claims ratio,SCR (£m),SCR coverage ratio,Total assets (£m),Total liabilities (£m),cluster
Firm 1,2020,,,,,,,,,,,,,,,,,,3
Firm 100,2020,65.98095771847278,71.11477910564523,29.9518606182502,128.46632850373916,106.67979706034122,1.0139630099567138,0.2994157248102934,55.76564041962678,231.68014750227707,0.0424784057537738,0.3134122777015045,0.8386940508049526,0.2401282709623843,70.57782428547003,0.2050005707376356,9.14983492786752,134.55295259502475,3
Firm 101,2020,,,,,,,,,,,,,,,,,,3
Firm 102,2020,,,,23.18070188484828,137.97339925845503,0.8528656269451288,1.0852843003483703,,111.81561510548482,1.67752822402373,1.0793805960520206,0.0900843239877413,0.3427110807575075,,,,,3
Firm 103,2020,7.256786597032225,0.4683014856905357,,,,,,,,,,,,0.3750148171804262,10.240305871641516,29.484615338279703,2.29105829095239,3
Firm 104,2020,30.99038952304856,60.00092661268924,5256.831640034237,,,,,6174.582162168235,,,,,,3.682383526730648,2.240160963377792,5368.977021261355,29518.36974599263,0
Firm 106,2020,,,,7.185743082920754,1.5797037213753768,,,,0.1947478533782262,,,,,,,,,3
Firm 107,2020,2390.208904088925,2330.308050929041,954.7736668168894,102.99296481600749,99.8648334029017,0.072622473084684,0.0238803051476877,2626.46521895736,174.80090417310797,0.473778604114032,0.3592717118945921,0.3622119244214365,0.6225883000302617,974.4177228310928,2.71977077637249,2892.524841730125,6273.189753300106,0
Firm 108,2020,7.901164090263524,1.8373709372952185,,2.1994389793326814,31.03410519456333,0.9824799886164752,0.2049506078004961,,4.413388434615474,0.0159032334941878,0.2640187773326842,0.2694819077632562,0.5744000323054909,0.926548993416102,10.50399900691498,30.00489806496859,10.11408706867763,3
Firm 109,2020,-150.3124023710485,-118.10142865081237,,,,,,,,,,,,135.5773163322597,-0.7202929057414018,529.8815648973216,669.0476451558061,3
Firm 11,2020,,,,60.95029321686767,116.1906857830228,0.9917390852835504,0.6060212843644446,,188.9541710978665,0.9083560704434884,0.6660890796553302,0.5999478846943714,0.0093161550026951,,,,,3
Firm 110,2020,,,,1713.1558625506402,0.5282024770745817,0.0729437390778628,0.2438029091533638,,332.52950385762074,1.931319672824997,0.0256190740904608,0.9523725439897603,1.1057129234690375,,,,,3
Firm 111,2020,,,,51.7793810806001,0.7423766464313938,,,,6.412656765711652,,,,,,,,,3
Firm 112,2020,,,,714.6684204093526,2296.659214971441,1.1039937964426147,0.3586503699854609,,677.6024938333237,0.1675582180158962,0.697426941788184,0.1032341891226648,0.1265530363058143,,,,,2
Firm 113,2020,121.8930304968858,204.35537705062504,118.44520009107715,,,,,143.3250220266642,,,,,,187.6723398427652,1.181418027247044,66.62777671954753,392.86767408529465,3
Firm 114,2020,55.64100135591937,73.09174854385377,112.25405953325873,4.661790932845597,0.2432844068347166,1.736381733709823,0.4874105428893577,255.90675501454345,7.454796158232564,0.4968151591181288,0.8306757423773589,0.6580469903491544,0.4532071580374303,0.4999490326006974,2.046055297433873,3258.9788327057668,1659.915099336809,3
Firm 115,2020,4.3551185144023625,46.63715051506794,19.177493792379103,405.4513173768225,49.61727716916566,1.803980117170073,0.0552925123585012,326.27263058362774,19.47307032094748,0.0409424458048452,0.5116034527795075,0.1987260668447461,0.4583774350829415,102.66173030699964,4.413961191603967,431.0741560021339,167.14039110560128,3
Firm 116,2020,,,,1418.9097542277088,602.4970064981098,1.7783059436253137,0.592643902008399,,327.2945621947695,1.6572857331839292,0.0092203354908186,0.4933393962502289,0.4579566325926537,,,,,3
Firm 117,2020,,,,,,,,,,,,,,,,,,3
Firm 118,2020,12.06815769322326,0.1606797066415647,1.5426423154153377,357.3578481013628,469.6637815227041,1.2559534705350466,0.174724051495059,0.2227219487653763,576.5393368268008,0.0702735089680508,0.672875139792216,0.7492781505040161,0.2257719614569992,5.825751407131619,0.16818908103241,93.8215118828288,186.6009681193908,3
Firm 119,2020,,,,,,,,,,,,,,,,,,3
Firm 12,2020,5.21035008251464,3.077297417439005,,45.04312826344224,0.1952514323032693,0.917823147827952,0.0451091363807114,,82.09466764555602,0.5049326640744637,0.1505574846405831,1.666395174011169,1.407151493482865,1.0605868434299537,0.8329425496830719,9.680439460688016,4.572480258533199,3
Firm 120,2020,2219.642679111791,1369.723293071849,131.68253618965335,,,,,687.5913366300434,,,,,,1317.188288320373,0.9450309591109708,6402.829293257317,8037.476539284391,3
Firm 121,2020,,,,,,,,,,,,,,,,,,3
Firm 122,2020,35.934472994254065,60.81010738236761,,2.256012435527744,-0.0396762795837913,,,,0.607596594514975,,,,,7.252449392118253,5.924760734114444,172.38501163671674,195.59476488085448,3
Firm 123,2020,55.41438967312671,78.37726377972933,22.851547185197475,,,,,2.510245308608666,,,,,,29.7593006305788,0.2229300207651687,148.29105683300534,46.44542158151,3
Firm 124,2020,,,,,,,,,,,,,,,,,,3
Firm 125,2020,17.326449146225837,12.977696564567871,,,,,,,,,,,,4.444655188279435,4.869733758555037,15.23344020605246,6.845253255237436,3
Firm 126,2020,14.22847537757021,21.892702389799787,2.2052625679114146,,,,,3.650920759376589,,,,,,4.791985318049514,5.262906182244282,51.435961744257874,20.08424504522716,3
Firm 128,2020,,,,,,,,,,,,,,,,,,3
Firm 129,2020,45.74023325254872,24.522598278623253,,29.893225754996543,-1.1441157768970325,0.0740701721598051,0.3611333824774031,,13.35726299486952,0.0339485346832044,0.3032441346865195,-0.0473765811261964,-0.0692272692634039,14.310702324435818,2.5416546255977464,203.04797839836115,289.3428500938943,3
Firm 13,2020,2.917810042845301,2.2232876826209726,4.002651447210188,,,,,3.319729701265437,,,,,,1.2125216043985712,4.337470119230872,1.4689009735337015,0.6922284895780063,3
Firm 130,2020,7.229287297779736,15.249479162316817,14.187782233883418,,,,,11.167448035502888,,,,,,7.018711573402422,2.782960002666632,19.641707373352453,314.471267732268,3
Firm 131,2020,,,,891.4569971136144,268.0279412273292,0.0823496383781882,0.5015229573521979,,849.5801002393501,1.00359098272825,0.0937759324813419,0.8880503613221081,0.9346458437437762,,,,,3
Firm 132,2020,,,,224.62254777814564,184.64665509790484,0.6463356362313842,0.4816094076977401,,229.05428989545092,1.344970831893806,0.049679553750549,0.6654796456797405,0.2612066066402628,,,,,3
Firm 133,2020,8.526584320280389,21.40693306621915,0.9968171682023376,,,,,0.8121221320387886,,,,,,1.7337584452072956,6.202379632750916,7.845579229668205,1.445724032938129,3
Firm 134,2020,1167.3750514538683,1626.0380400401782,119.65166186265898,,,,,188.6299025835881,,,,,,126.81078309438874,0.5702998003924055,6672.283503136618,14987.68697609854,3
Firm 135,2020,10.873106727975827,27.53400604113748,,852.7682643687546,153.37170332953147,1.116742424288346,0.3529904814006975,,477.5593952901547,0.6880840307433167,0.6835603444913712,1.0922200035706275,0.358386401928635,5.844774681835954,4.528595622606142,64.59911445809387,3.6950593485728898,3
Firm 136,2020,13.421807609730257,8.177115749247141,108.799733320377,,,,,330.24618870583595,,,,,,5.841533498985674,3.848758282039355,200.9057611039528,812.4935113602912,3
Firm 137,2020,74.40276146910821,130.48379923143375,,179.6919208800806,270.0890048391966,0.3878256610264072,0.2234921507145862,,117.45907167443468,0.2217965796823404,0.9084878522165406,1.580535103409499,1.3735522119427923,14.709433498780475,2.766324072054493,328.0930153574119,256.7456548762668,3
Firm 138,2020,0.002678503736333,22.015846278724545,10.749931755907362,,,,,16.54555887481682,,,,,,3.695192106375013,4.917950375707048,15.10208561374544,7.429966019441252,3
Firm 139,2020,596.0343844669392,358.7411181320738,284.18940765720663,0.7258954023516146,0.0040155089404703,,,468.0946865142005,0.1761033117718052,,,,,137.1707314603705,0.2403237401579703,1196.4804510113818,1323.4256884123945,3
Firm 14,2020,14.336941835429965,42.60710120333536,13.931390125809887,72.40570145339643,228.9314889210032,0.351138886230581,0.2982088664451101,0.5172501240927921,708.2684563708697,1.123687025340269,0.2163767366585042,0.4712452244248835,0.4805083792306934,8.41287268839809,0.665106360947444,19.475371422114147,43.35135804782552,3
Firm 140,2020,,,,,,,,,,,,,,,,,,3
Firm 141,2020,-162.2450159506005,-84.4628989730577,,1.3713357219036415,0.084726478890685,0.0379050530723345,0.0844629544832708,,2.233338010790986,0.1400920101803182,0.0617284329188295,0.0387128008989168,0.200375763887236,26.01574912254542,-0.3004710045928433,5563.762944496598,5941.030181619787,3
Firm 142,2020,,66.1783168366853,60.99072854613776,121.61195580270468,254.92305797033453,1.7886902846399513,0.2701788929007904,,38.74583623372085,1.3189828987611547,0.218982829703376,0.1016184620638822,0.9923328809793626,,,4295.504116683799,2020.2657315420493,3
Firm 143,2020,0.8622528250510331,1.298662265019094,3.963605369606349,,,,,,,,,,,0.8296042594765409,5.98247418157194,5.5126895452200895,2.7154373129727527,3
Firm 144,2020,75.70729259281973,39.59696277677615,0.0013623833815661,236.0237833815045,139.65658591109494,2.687715512228172,0.2002742426644307,0.00922195811066,37.276271495963634,2.4907302650654333,0.2666701646364634,0.6323569388621216,0.1511097189965289,9.78496697665912,3.4247914761545366,70.68417945681239,7.767201992217866,3
Firm 145,2020,5.170980101244245,3.883538227878427,,4.566094299083404,0.0166574161722839,,,,6.303854048613616,,,,,1.8213115625883167,1.7478084240249483,23.53838644736001,11.486406868783726,3
Firm 146,2020,33.109166984930766,16.117268047124973,,148.52399985794068,0.4007592734036444,7.090944665623658,0.6825594770189638,,24.773405111783337,6.825803503186539,3.031713355707046,2.373602898993024,0.288247856625435,0.3271667876671247,19.13648418019908,41.832906908465006,1.141530060707522,3
Firm 147,2020,16.308418695939178,1.1120466090400192,,,,,,,,,,,,1.0355325760913194,3.234439028337893,21.756677563338243,3.0507726594682194,3
Firm 148,2020,106.304748429597,195.0693042322148,79.77802730139261,,,,,94.7086111518626,,,,,,69.01835740375836,0.1705933813716695,126.14942651102275,-4.700165667860033,3
Firm 149,2020,31.00617519281412,18.25693393262711,46.89980511747114,,,,,33.66086692735097,,,,,,12.310764315743988,1.7968886111762956,225.55861620083263,133.22410332612515,3
Firm 15,2020,83.3712414571672,21.06652951787844,6.463378884942439,,,,,0.5637541700620288,,,,,,40.1982256432511,0.3884771159257502,19.62725474869196,-28.920955872514284,3
Firm 150,2020,1193.3145826705006,1305.317494290081,99.49732597874107,,,,,46.121804467063946,,,,,,106.57253918115198,1.0263527645046937,-39.92464650150165,-1487.1077640046003,3
Firm 152,2020,2.072910379635501,5.972874724655393,-0.717656544429574,,,,,-3.1744580782838714,,,,,,0.597748428587248,16.89781810950309,2.7983721232084977,0.9845433771903072,3
Firm 153,2020,24.89581555480963,17.387347742291322,13.11307640234992,,,,,7.568540702969588,,,,,,56.54836486219892,1.148138289550695,239.7852766572832,228.127693949428,3
Firm 154,2020,,,,8.169401720284068,10.41535995536515,0.9030446838484096,0.6454317244263718,,8.460213555701147,0.0307971026118914,0.6891524680111689,0.1883107698427234,0.7483728732653844,,,,,3
Firm 155,2020,52.01847436093316,96.98199896880232,,0.3688526054802372,0.7099531346168196,,,,0.3192934530314485,,,,,79.70099870459954,4.03050037271596,138.98773240433886,236.35924365986608,3
Firm 156,2020,303.0639752782653,1077.6918046374376,88.54784015404442,8.382746946351986,26.46547136864973,0.9060461698548306,0.0818822444653151,72.4901617976148,22.99954305153433,1.21052148470638,0.0933182294344591,0.0836332075447019,1.106569009100547,858.8384851269835,1.755623237911071,11404.082031672611,7727.091069143802,3
Firm 157,2020,136.63081127704004,58.33194712575622,221.5861164126564,5.030700455372106,3.673676354606247,0.1870219348213319,0.6031850980674656,10.4067065559618,0.1621320963629575,1.0866393499918343,0.13131616813643,0.3118128976741945,0.5491637147549674,5.864493076904817,6.357703804490432,873.8872311290687,612.504985707485,3
Firm 158,2020,348.54332042690544,364.56130285225566,1212.3266441527032,5172.331636559903,2214.25198791778,1.4704576850711115,0.3824880538470907,432.78489119146434,219.80603899123005,0.1293175584278928,0.390097627179591,0.3375134356177614,0.5105450825196658,382.8778755754137,2.9712022598788943,153.6346977373883,730.7449073734821,2
Firm 159,2020,190.0388254918294,248.7085706386794,29.70440598301224,,,,,1.5480814157242628,,,,,,101.63957460980052,2.7844074883876355,608.3801513266594,175.58758147732715,3
Firm 16,2020,,,,,,,,,,,,,,,,,,3
Firm 160,2020,,,,125.04486296300036,145.5848522903032,1.962873396611636,0.7271008535880017,,1275.6865014195976,1.8511682380398056,0.2172255088769655,1.1615564955054667,1.680748673231099,,,,,3
Firm 162,2020,,,,22.302328982841143,0.850882294760989,,,,-0.1178630499583887,,,,,,,,,3
Firm 163,2020,,,,551.42368450829,21.28665094540974,1.074663192840443,0.2886376680375934,,640.2788762416742,0.4021792389075078,0.0899292842914243,0.6413617384305623,0.9381523192444494,,,,,3
Firm 164,2020,,,,,,,,,,,,,,,,,,3
Firm 165,2020,123.92459500082498,104.10910680445814,649.6805514865661,601.08728419234,633.9125869214505,1.2242764775603068,0.2057520000103552,299.40451612224547,87.25282761455135,0.102528985831054,0.7122615571094599,1.2957734657388995,1.334639566877043,222.64911020865108,0.536300775968775,1273.2401790531767,1594.8515010202168,3
Firm 167,2020,,,,,,,,,,,,,,,,,,3
Firm 168,2020,1.4303904151195088,1.3132038264938342,,,,,,,,,,,,0.084338791741896,0.1882814851060008,0.2732698976084012,0.0012471719517515,3
Firm 169,2020,11.176113633727084,48.46557582237927,14.000099514984653,122.31193289224616,21.79283264925122,0.0444801709623489,0.181398112767596,48.92705577934414,49.06943761638918,0.5511345456768264,0.2697044738102849,0.2303864494986824,0.4809676335137667,23.11496640678365,1.8057436048769888,399.7060175570201,272.7414369849347,3
Firm 17,2020,,,,4673.554735268996,1426.122856918814,1.1299640991435125,0.1784560504412656,,192.3089236653208,0.3271471518391183,0.1569054087941787,1.0281108166893247,0.9986051756602968,,,,,2
Firm 170,2020,4.8491049939104265,6.790321950207466,40.63277594391462,,,,,6.434805713384589,,,,,,19.219003896130936,0.4794543423207855,121.46999596838714,68.78855569215263,3
Firm 171,2020,,,,139.29692363721375,8.637008057477443,0.889142933975218,0.5719728438850182,,7.506801961325196,0.0516635383598283,0.5239146666777675,0.2135896260399571,0.2264456763153019,,,,,3
Firm 172,2020,36.03968302593831,10.488829777382785,,,,,,,,,,,,1.3244467532133493,3.745759917380251,11.413633508980055,1.4309966073181108,3
Firm 173,2020,41.99914340978413,16.670802396436816,12.180012448603366,7.116389612382429,,,,0.3730918444612106,2.44737369455287,,,,,8.0137715521154,0.8795927143199769,6.936429488744133,-2.4250712376145747,3
Firm 174,2020,82.2657923822203,35.67339607682849,17.68583962777344,,,,,5.72563310473691,,,,,,8.2766992406311,4.6382528058742345,61.59017497376622,62.96961691687364,3
Firm 175,2020,298.82953775233347,444.6716908544775,85.6192830027827,0.0416024255993488,,,,15.932315542876964,,,,,,41.909414754199126,0.7817577842708632,9697.925872463871,1810.869590738773,3
Firm 176,2020,,,,,,,,,,,,,,,,,,3
Firm 177,2020,45.27169945197115,50.60563054591344,0.2648949845738432,10.29314074484806,3.155557311180634,1.196603883160599,0.5113206754762113,0.1313824129778529,39.3727595637151,0.5084765360613505,0.8710007799249201,1.1145523970052047,1.300822321285728,2.187591717214325,12.230792230373147,34.7486827416143,0.628563948297827,3
Firm 179,2020,,,,,,,,,,,,,,,,,,3
Firm 18,2020,,,,731.3390359718354,12.676852952206,0.096483062631679,0.2699483307183886,,883.2055037886543,0.841984269421432,0.4281470574538307,0.7795679474374144,0.3581234662952904,,,,,3
Firm 180,2020,151.5279830574909,102.9872623776848,6.07082954368828,117.99827426159212,1.3709662636705109,0.8119264195151683,0.1577690770918347,3.181934907019972,65.73338818856134,0.1603029882461203,0.1703586066283261,0.2407267990440532,0.022833182177429,41.90811524830436,5.04513488381991,46.11084726463884,2.187929030752307,3
Firm 181,2020,,,,,,,,,,,,,,,,,,3
Firm 182,2020,1011.0715720829454,441.6365046371248,582.0602895292034,,,,,172.22714980593005,,,,,,207.47159654727423,2.891341357329906,922.578062145423,4729.228328273944,3
Firm 183,2020,90.23569606052438,84.46253304107114,0.0014248589867887,489.3696529442024,163.41775194993667,2.012077529615037,0.3668587602159779,0.0024534261659625,106.77118049442974,0.4981860309256875,0.2789814087317582,0.7254540557497928,0.3674821561071045,72.56743855338388,1.0044419688991992,31.7458053073792,14.177915097663645,3
Firm 184,2020,571.0419978424275,30.7441874510884,114.1063806897067,,,,,9.604283310498118,,,,,,44.814626194708126,1.761609048041775,1819.8320170983109,168.36566772481527,3
Firm 185,2020,4.243528566002227,3.7205073956927146,0.0063621117921949,619.178974569387,36.3744146041083,0.09124239557177,0.2255184421397627,0.0010425489592789,140.1815757705312,1.365777184896423,0.5537391742694668,0.7186227055652549,0.6641324873050748,0.0551525251749439,2.453455254814786,16.998857704083353,8.234417874922784,3
Firm 186,2020,28.8686722908742,46.97224163098531,0.0393307751063803,680.2388731604095,305.42864383134435,1.7141270183336836,0.3549985862919881,,641.4660667713342,0.1943665677859083,0.3699831730905731,1.2114688027393825,0.3270448703066891,9.81415961135884,10.573028795369524,159.76272551821936,384.09349105619583,3
Firm 187,2020,,,,,,,,,,,,,,,,,,3
Firm 189,2020,13.057884848815492,9.811292770115909,257.75162863936646,1251.5875028886617,336.8514372094377,0.6083220641063225,0.4995732031166836,172.4604692023083,173.9229616840143,1.6989163168474106,0.3538718900379678,0.3796707877037387,0.1282748710179188,15.199225598778993,1.4699047251086776,3961.830614359172,1985.3539445480928,3
Firm 19,2020,1551.4374544265434,2350.6616287022766,3135.9570859213627,338.1191335407488,33.63578328331095,0.8027079584989698,0.5268235573653237,326.55132320821167,176.21474535603332,1.8519444868371584,0.0079558348135866,1.1265169683639906,0.8694704540025072,2100.1317208929736,0.4261503302836157,11122.875919546974,5785.533136129624,0
Firm 190,2020,6.672387319913518,21.01513272297523,,227.74889590928345,,0.4316917079399135,0.4056060880129975,,113.80154578990356,0.2118318324436451,0.1757600692777564,,,1.053682368804824,0.274320220209648,34.04598798071002,30.592114111879887,3
Firm 191,2020,,,,,,,,,,,,,,,,,,3
Firm 192,2020,404.5576797100113,358.2228561074811,314.4207609495772,7.37262068533664,85.07356637470623,0.9059425824642008,0.0007812165904142,412.9508021248415,13.819812409992055,1.155669240923161,0.4135134515005162,0.0207001890212005,1.060308610372614,364.1131586118791,3.789008303767269,168.05558458508938,-443.6010110692094,3
Firm 193,2020,,,,119.99477813098515,1.5542703394252773,0.8717554056256421,0.169796030202143,,7.861676034405266,0.7360047974993933,0.2500486931871029,0.4726936209715812,0.3105533744120758,,,,,3
Firm 194,2020,4.59822270873933,19.79511416118272,22.14263916997452,381.6934178430079,207.33440623045664,0.360478210315153,0.5708162680418437,19.382983454297445,189.98974914982787,0.3823088304201223,0.3608231046717232,0.3529840832951457,0.3538850674563405,23.37515490078092,0.9331313244929036,76.15547201038221,11.307213825128326,3
Firm 195,2020,16.67383621446304,37.74868203544532,77.3418504955311,,,,,2.99338829613808,,,,,,5.937843501835081,0.0475290011076291,26.81649381545964,5.839146049016756,3
Firm 196,2020,45.47056354853761,28.137696454980176,27.42301147721119,424.4458860308228,194.8758437367873,1.0009984278897217,0.5273181105143164,6.658811280739663,614.240330419369,0.5514624823171768,0.0340341347244859,0.6722076268262482,1.5106802255146623,9.527186181267142,5.771344237436784,31.91522886761584,28.135611451134498,3
Firm 197,2020,480.2016943797363,796.3209043332236,975.4577316790854,1.594088545733274,5.619482408870051,0.8770258556828882,0.7800288184055133,60.44500656035533,5.374984096554412,1.4887312846769098,0.2587774787913193,0.4299855024841945,0.1424805409305969,57.642734546344826,3.2412871936243057,1525.6637007328654,71.29159059725131,3
Firm 198,2020,,,,655.9794246478484,340.2987856469687,1.9064965440932264,0.3298210645963192,,1030.8621874109376,1.1854190357737242,0.4285290523579922,1.198484976147052,0.6088497280520302,,,,,3
Firm 2,2020,28.78416158315556,12.456319039280284,16.723242209535766,,,,,13.626145148362587,,,,,,1.591638361303183,3.170682186031716,2.665740836919076,16.173862006192543,3
Firm 20,2020,5.802848186204092,16.98613146723303,,,,,,,,,,,,1.2254570291080744,8.131926333276175,29.189538872535103,1.506443638698795,3
Firm 200,2020,5.939326103979263,7.806062822846902,5.646167091878162,,,,,0.9530840310799098,,,,,,5.354000821706621,0.5211735557328842,8.180968845981202,12.52276149488488,3
Firm 201,2020,7.489382930500106,15.001362999021971,0.619032472828787,,,,,10.990473722773658,,,,,,0.5482614838508033,3.1386008282945017,18.215117289143816,10.33730297192737,3
Firm 202,2020,,,,205.88543366625848,17.02581632847214,1.609791821092158,0.7166655998385897,,13.234792087249971,1.5294142450349688,0.0929868323965844,0.0910189582106745,0.3715125474658906,,,,,3
Firm 203,2020,595.7569007175254,966.2197111729574,471.1753984189615,1.788945796394334,0.3582561036317512,1.4663348309569877,0.5420258581944923,1964.275684618226,9.446693643353775,3.6543134451101857,1.5166396472480368,0.0246002868109096,2.453294732627561,12.513732575263177,1.4173755858444148,2740.262142313096,5979.769758631296,3
Firm 205,2020,,,,446.042765795904,97.2133674321517,0.7454568839036702,0.352713510009679,,-71.51818967916434,1.7054602488900046,-0.212672898754705,1.5998224272575468,0.8340301871716234,,,,,3
Firm 206,2020,,,,521.1713546604385,104.68055865322182,0.3088269460914736,0.4108502583608894,,70.44772649145438,0.6114062028145535,0.3358601951586398,1.0292596793790112,1.1689328294173087,,,,,3
Firm 207,2020,,,,3.0153421722926264,3.2435150532599826,0.9079850877344438,0.4103074617604395,,1.4487109178924913,1.152180016678693,0.4406860924598033,0.5507877713971906,0.0287264486434508,,,,,3
Firm 209,2020,4.179433456626342,6.143746453169966,20.66509420085022,81.76789265549053,-8.717744643641126,-0.2109428118251307,0.3793077392853132,107.81441715627942,36.55154153021983,-0.0226691355097556,0.4784264025207372,-1.0309240919917508,-0.5864054668633543,0.522881553020182,6.122616115999062,1663.3860512564695,310.337421684719,3
Firm 21,2020,11.383221225300058,2.481396015846702,,-2.459812395969313,8.520762680306902,3.0992081431782994,0.3250991501392787,0.0272592388608505,-0.7708701184918274,0.9819224015758828,0.4568057101763653,0.2971079055773249,3.757804458953476,35.54120503158194,1.193191115234949,7.869630431567022,49.44700175896672,3
Firm 211,2020,186.8631465200938,21.343477138209938,457.8367096417809,,,,,28.98703481401493,,,,,,135.6217178236118,0.760157948869859,728.5628645176249,121.8293217286286,3
Firm 212,2020,329.47194540855145,346.9135924324088,20.655002221517204,,,,,111.27842837173634,,,,,,59.01470261119865,7.579778111601883,29.057715206300795,23.52614115865262,3
Firm 213,2020,299.0050903049936,198.2554622600042,9.369835087501851,37.96199150075647,67.28165382912691,1.5687384240521047,0.2414673616791414,17.190150954179682,194.67633167738924,0.0796260744196498,0.0777307353279582,0.2615618117584558,0.1057025734103676,445.639195344856,0.0628515135680395,982.2549688855572,17.189095829981447,3
Firm 214,2020,53.56870908700521,53.4490067493025,4.652420031423451,34.6586803247248,215.3213503844772,3.544979037852914,0.3368213353888022,0.6469504189528279,9.343717063370208,1.5703261713601095,0.0753254236080713,4.199846228917391,2.8582521551796285,2.8326414137921843,1.0471070732729186,69.38748521619812,48.669495852775626,3
Firm 215,2020,,,,1034.4304910444782,71.1388857711572,0.1752726082856668,0.9297880455828345,,139.45989262291187,1.437462253995602,0.1397571281335779,1.4534909765865385,0.3437005365815868,,,,,3
Firm 216,2020,,,,,,,,,,,,,,,,,,3
Firm 217,2020,,,,9.606143587284754,0.0119571190569179,,,,9.707144343303746,,,,,,,,,3
Firm 218,2020,,,,,,,,,,,,,,,,,,3
Firm 219,2020,20.858782368165578,40.63059190508001,19.76437694786658,,,,,8.304954700477333,,,,,,0.1219947887092138,4.903470053241093,67.60720785537735,52.8007488166954,3
Firm 22,2020,106.13222431153572,84.48210963504383,54.07557652497293,1376.0306465797678,1092.3899981515513,0.1058077428669308,0.6162579826557784,28.47378965118258,2257.06916646241,1.7798583658794012,0.3453706976519319,0.1793915603316176,0.5973349085373502,127.68102909663256,1.6966728436889456,855.0531310898047,777.3179161222752,2
Firm 220,2020,21.37926197148684,20.33077684423144,4.535517971631488,,,,,26.70191850618317,,,,,,2.9108290303162767,0.709016272784345,29.88789700268773,12.890927661131109,3
Firm 221,2020,149.8471699343017,33.64814292532226,2164.005920184666,3.937821780611975,1.8430991793701967,0.6389934163871444,0.0686576594082012,1442.3866375956889,4.782006916895598,0.6500963826357563,0.3094987361347692,0.603409165150087,0.2215820078981204,430.6122366365802,2.932670131862832,1659.7654669988528,125.7823515862872,3
Firm 222,2020,228.41039159823865,66.47915607912967,241.8732887434572,,,,,79.30072320292516,,,,,,78.87479646324047,0.920429689339418,597.2155262977916,1553.5950190839412,3
Firm 223,2020,6.609240988215444,59.54807388255422,42.413482463110846,,,,,16.716069595418475,,,,,,13.942692780957888,1.8095196555377324,8.23366463695091,6.204655574010135,3
Firm 224,2020,0.3775164326402578,8.510424741601009,,,,,,,,,,,,0.6098285370701166,12.945961520946964,1.4638237193805723,2.6715400527302524,3
Firm 225,2020,,,,29.90856273134829,615.0424138389111,1.1505405878303194,0.1661207907605107,,269.7547723440339,1.1481602052669768,0.1097679055454937,1.0297890901753353,0.5168871978449565,,,,,3
Firm 226,2020,9.16323608283772,0.7657829381183708,31.389444730101136,,,,,48.52833321247655,,,,,,7.345448986456182,1.1901859720114265,41.37971827202121,6.522938462433513,3
Firm 227,2020,222.80627350964645,195.59591218967648,670.4120534567915,344.7068871982591,252.9570339892809,1.931887671170468,0.808772773843913,405.6908201668408,15.990189684278851,2.552758450520901,0.4586831017715519,0.821553942324886,1.1498558865288768,126.81334943401886,0.2770739756102813,955.3694725694596,1545.6246348948018,3
Firm 229,2020,9.445346501007172,773.5448564161757,218.92291418149983,88.77991425183806,77.77503996402923,1.2708443143748955,0.0771003061474328,532.4243849223561,236.87170598899263,0.975005852729328,0.6286952528949957,0.3814270358160913,0.8195529005495532,296.3763257108645,1.793822996244503,1618.4147294777863,577.7846469155018,3
Firm 23,2020,43.73861931392244,34.757588763699445,3563.595340060497,,,,,1626.6243284123118,,,,,,12.841765850605386,6.055304780819715,5995.816663303108,4058.049639971108,3
Firm 230,2020,25.9169649086394,46.89548693339052,9.198088795627e-05,666.8762475342849,452.1523928118648,0.6994771136093392,0.0058621551961895,0.0006087160994479,302.8682427499416,1.3144710426841475,0.1644042103532785,0.724459163147804,0.2001875122388784,20.02971312564213,0.3970016300530104,81.01599345078712,51.21006031525875,3
Firm 231,2020,136.34822339773177,149.28032498224812,417.66756923280656,,,,,64.36079567227,,,,,,29.69338072792279,0.9586647644388704,1082.2653231205757,781.3344188573009,3
Firm 232,2020,5.777092105501675,2.805017435561203,,,,,,,,,,,,0.4587043119562938,28.75571140235635,0.0278191478901015,0.7517700210569846,3
Firm 233,2020,7.9594131618399615,1.8608652803615129,-0.0016390138900402,65.02440358892014,69.65642146078112,1.4038733215422097,0.3939607751374778,0.1660241994779393,36.9162416120687,1.440943294698345,0.4716256471727769,0.744926813731729,0.3106889685825591,3.208459689734664,1.9781227285858447,173.59105038511225,253.43364399188985,3
Firm 234,2020,2526.1407435690817,803.4926427870008,4051.511756577701,107.59961358552628,1231.5509379108832,1.6719745798237349,0.3507706706888889,1569.0984396497258,327.1658953549774,0.0063480245215078,0.4966628228184153,0.0288257248729449,0.1241195974239667,685.1803129367854,0.0472241990094154,22514.71497095345,19797.032016274483,0
Firm 235,2020,30.075810535342622,38.88573355268141,4.183890494778626,,,,,3.7244344324711367,,,,,,10.254677814938304,3.036240621932827,182.5704123789964,139.63920774249593,3
Firm 236,2020,25.77458136628884,65.32194926078562,174.18361873037148,,,,,166.9452553957786,,,,,,194.99980490989788,3.216647280121013,901.0353935967833,610.4621536818366,3
Firm 237,2020,127.58765854903098,811.5197330935199,67.3034923261565,,,,,16.905310247867074,,,,,,158.52881141995007,3.273619086997924,2005.0943423732488,1576.3443087546957,3
Firm 238,2020,,,,768.0036162890145,215.4434342680751,1.7362980020692778,0.7975455561769252,,420.6291545039257,0.986035576215652,0.1123175011821553,0.6296038062542181,0.0130354586972263,,,,,3
Firm 239,2020,,,,148.31861451257296,108.5102929714109,2.4563878294800414,0.2554320164175562,,197.6076136889073,2.32652192921621,1.418778810051694,1.6692466565845512,0.6970236951315748,,,,,3
Firm 24,2020,,,,13.460462996651886,-8.375385665515036,0.1031932365473216,0.7138119533143064,,37.76410840509309,0.6463802307300276,0.7907572328580651,-0.1074517924428156,-0.2872597409456567,,,,,3
Firm 240,2020,16.84412488032672,68.10770061626208,1100.6182048175117,,,,,708.2652792362938,,,,,,34.17450001070246,1.0085348450602345,21.07129822429764,86.98675184114742,3
Firm 241,2020,11.424604217785054,37.20436516046595,123.70879527715788,253.4207497242489,87.6433770225676,1.549084188899776,0.3298308695398547,72.43388497692936,390.4876674431022,2.4382878440656417,0.6920606194213218,0.0813445712252019,0.2280860529439358,18.789461797520765,0.9248103259025146,136.0990333600545,262.42082947105905,3
Firm 242,2020,,,,112.049843563236,28.926414738953635,0.0876624261757801,0.0740371600470854,,12.165660852184708,1.5053693634178675,0.3438048947484632,0.9888946069834034,1.2805608943011286,,,,,3
Firm 243,2020,,,,319.70809645693765,367.07580624781485,1.4363540449299186,0.0927616342794782,,346.06679369565484,0.5210678902316005,0.6379386453973929,1.0623811506397471,0.6077877777307962,,,,,3
Firm 244,2020,11.596129383293468,21.1517160595028,2.467747654070384,7.164836710545425,63.047787332381695,1.1242929954544587,0.1735958196116079,3.6460911895633945,18.872260053158893,0.1277025680950178,0.0737059767477885,0.0890547892248784,0.4862017425612102,2.161070185207173,1.3485870425343105,9.265123178642291,1.5650964583157314,3
Firm 245,2020,60.667255269187336,47.114933949938816,0.0017820514993931,127.38060977595138,109.74817510702069,0.3673451603250507,0.0998029699787384,0.0181342999440195,183.37378279474592,1.0511034633920249,0.1601123580279508,0.800068565519196,0.3455882235668588,1.6431944102423224,4.919917095612256,211.0809754387641,46.23415698202551,3
Firm 246,2020,500.49634802888426,183.863081232872,160.94440460068512,25.594336820822992,3.4193734533385287,0.4848979550089458,0.3409582657824195,39.83605511487017,20.806663143183496,0.6848740853640805,0.1248217199035955,0.2949365906778298,0.0557440315672462,290.50230460904766,1.281835478971705,218.04125356597788,298.54785733079865,3
Firm 248,2020,16.476198465407016,34.98733431640302,0.6262488083585387,,,,,,,,,,,6.708176439484709,3.444694475034304,2.582204162650793,13.086946435863162,3
Firm 249,2020,3.833116712942401,2.4925458569163674,,157.29024560071858,228.58753065265807,0.5069729498128693,0.4253300845476148,,42.34328693472554,1.7255846043439136,0.0812722956124015,0.7200623577260735,0.1214465373964343,0.4956234370463908,8.935857996181063,6.426925064067382,0.4481133633317982,3
Firm 25,2020,9.799698430730148,27.07000333104768,7031.517004879747,,,,,9765.61291198766,,,,,,0.2297877986965056,3.155166442329346,3614.9066669336216,30445.54280727017,0
Firm 250,2020,31.3128196960441,69.08505673051688,46.84998656307059,0.7285764759712391,,,,53.47049061594653,0.974730081661752,,,,,12.414686269821772,1.7415568567293154,28.46240882876601,1.407269264957547,3
Firm 252,2020,,,,,,,,,,,,,,,,,,3
Firm 253,2020,13.057373133332772,40.86481405129609,84.49561531112892,408.1929965692591,106.81754147913756,1.506846373567198,0.3835041918671765,63.08395227510786,147.8387339283876,0.1637287026522166,0.0861605874167278,0.906572392949396,0.141758677760513,8.279791179048203,0.8944451561305861,12.42805113736222,33.34429874006667,3
Firm 254,2020,45.548704366205946,41.13232932950586,282.81574428186053,,,,,35.16618820666708,,,,,,76.13717221075964,1.399233071317428,388.3042266983584,137.01794297505012,3
Firm 255,2020,,,,11.793142325320416,2.231367786317555,1.5204166782034958,0.3295921117338595,,26.361829622267862,0.4985704905247615,0.3964638556116922,0.4364035201778718,0.4587323814232042,,,,,3
Firm 256,2020,17.83507084128734,10.292905990778149,,2.656747848880012,0.3100862023717315,1.3469203243631092,0.0040551908305525,,0.7108206718970849,0.053328692997466,0.0560614789760137,0.494755759317433,0.622816598723899,10.103708742744246,1.68569662790741,108.06346274010258,34.24729459114507,3
Firm 257,2020,,,,,,,,,,,,,,,,,,3
Firm 258,2020,67.54170807531,17.005549365831154,56.29851391720788,,,,,106.58501965809543,,,,,,32.11656558534225,1.276507945094332,52.52968841912318,3.894887615825818,3
Firm 259,2020,,,,11.590685643805664,0.0966720768461063,1.0432602175024035,0.8213438737535476,,-0.9579598354561264,0.5635506056246931,0.212277773555671,0.0365824542441448,0.1178592064873974,,,,,3
Firm 260,2020,14.267122820732666,234.9244887102556,269.36807155899095,1149.8196839447291,37.80781282921664,0.608595359575669,0.2021942917326368,146.00242573524915,202.20037448891148,0.3435238917095498,0.1711605285796369,0.2958201104433863,0.8406386479814065,32.79310726697793,1.665200732650339,614.4181528945298,199.99784846416856,3
Firm 261,2020,,,,1764.876353063212,833.6143866106215,1.5980993747635337,0.1837149201571182,,2148.8889859300466,1.3986801626591845,0.3828030187433725,1.3016423714301104,0.4751829310308043,,,,,2
Firm 262,2020,55.6978641836603,152.70036631549547,99.34271631523598,,,,,15.381369660553826,,,,,,4.124284240488104,1.7137737967419595,787.3661301122082,772.6197873192266,3
Firm 263,2020,62.564935108863615,34.98499516886524,52.77321928936837,18.41192146049835,28.8452438595714,1.0333745366396314,0.3355487067023692,80.99061468117895,0.972699940252711,0.1443934031584744,0.2510546840027424,0.6484254910564335,0.1781844368759635,54.71086346402333,1.3968508555890229,1120.1430817119726,2719.916748394913,3
Firm 264,2020,107.01865872805064,94.64712658660468,36.13999794770481,,,,,2.136585125802779,,,,,,160.37936229554353,2.1249949272816733,140.95764471224257,561.5172442663371,3
Firm 265,2020,96.38541635335004,127.6643465466259,32.57554750209802,0.409619790623582,0.0103355368923964,,,0.5428558633515718,0.32511500573702,,,,,128.34025594953937,0.7710520780856213,992.3203745027712,1002.5905309710996,3
Firm 266,2020,921.2481621182476,1280.4480221502754,924.9447710384862,62.3525228274884,15.151871662147991,0.5435531323466763,0.1368513929379058,30.081804461976937,-1.1719073562129154,,,1.229338802707112,,556.3635736774025,1.2973289069338174,1301.3154295580005,1854.873218907313,3
Firm 267,2020,,,,-2.669606772356191,8.259308661359396,1.560059506886874,0.5707773859770542,,-2.785810567152867,1.5290673769750844,0.8446844552108542,0.0999239929724051,0.7416608161781815,,,,,3
Firm 268,2020,,,,14.891648129302354,30.89281400967094,1.3339943849936793,0.5377079295073528,,17.669848710676728,0.7736650716036158,0.6410930518481747,0.0903153737606521,0.3328688306780124,,,,,3
Firm 269,2020,,,,,,,,,,,,,,,,,,3
Firm 27,2020,,,,0.612265710700483,-0.7837941272788774,,,,0.2287684291253911,,,,,,,,,3
Firm 271,2020,3.070518026439175,1.2348853637482833,,,,,,,,,,,,0.0114268487985073,15.711354515089749,6.269194998043911,1.794442094868815,3
Firm 272,2020,,,,1120.448604796545,37.62286186930714,0.4919160631360174,0.5159240125476777,,702.3272201288611,0.7846198782878034,0.2014787085854148,1.087399375001067,0.2605378644551996,,,,,3
Firm 273,2020,16.901083227688122,2.580911368631457,35.46613357382143,2291.8938305435163,461.6106903281376,1.296532391152627,0.1359665164692245,6.65045947052674,383.32135725538456,0.2828341993874138,0.3672115834707361,0.0927485999558654,0.5058704564574603,0.9817393247855734,4.283009029210621,24.754771972590625,3.9360484943431433,3
Firm 274,2020,134.9866074965088,49.450046817445205,1.5328180050203473,,,,,-30.17954105364392,,,,,,11.147501837073127,1.224198936858231,1344.5066486266514,84.54466083699478,3
Firm 275,2020,249.40412174613,151.35361139086095,1005.909419061448,215.5601535590296,7.489671764298587,0.616349508490003,0.0068118098017046,87.23136981758199,4.640862287896684,0.3977706537542898,0.2171214158374279,0.0448410948115219,0.3236119984837936,185.37083243863967,3.296525118250041,480.6893041798331,45.20828418657533,3
Firm 276,2020,209.6302763230782,257.56387782309366,5587.206833546253,,,,,3073.774783326921,,,,,,263.1675486698184,0.8051408974527446,56366.8715649664,49396.05890887896,0
Firm 277,2020,,,,,,,,,,,,,,,,,,3
Firm 278,2020,9.866710226812394,0.006934952061331,,283.5057111519481,28.07616361160657,0.8583175723774766,0.6494147430119973,,26.93207975671944,1.791667762286924,0.2998411272807138,1.3358296529822744,0.3569246718032275,0.4898917791280018,24.752541008265425,9.783134868390317,0.097183752884721,3
Firm 279,2020,85.33753773166833,131.76044305408575,10.399445057584686,,,,,25.935708456923464,,,,,,24.66142648654993,5.766205741941581,66.77406111845099,54.17963949672743,3
Firm 28,2020,296.72399621195245,402.0542905194107,53.17612444522392,,,,,64.64520645456358,,,,,,109.7035917518644,0.884771853621386,875.8621663066654,230.3468092937245,3
Firm 280,2020,702.5465162153793,280.836858774374,1031.3471848131685,2351.0220833743606,1228.9906064092054,0.9754390596558284,0.2224288067584838,1.7331950911208511,1399.5335645868288,1.031420939641826,0.4376008915617624,1.075578730821087,0.7118838196789461,184.66352140486268,3.02849007703585,1702.4156256243157,1213.3886225922429,2
Firm 281,2020,457.0436480271573,365.962308717544,1826.8376053085983,152.90122949466206,94.20786344216138,0.6651822809703737,0.1374658293906757,861.5343339237493,1.4686958676456048,1.53424174291747,0.0241879466421999,0.7449290308751361,0.6930516158872062,685.9674497325344,0.1496974976492707,6788.030168673151,4652.864421528289,3
Firm 282,2020,37.211583676070056,52.881583184482594,31.089287579249067,,,,,,,,,,,0.9978247408998322,25.150460541830448,26.09976625515493,92.76200383337076,3
Firm 283,2020,538.2198244068697,526.7046639056293,12.797387191333229,3627.579125325471,2730.7300638348893,1.4972896215632994,0.7076451252462412,12.280145086642904,4292.696869226715,1.0464630939225643,0.1525825614718388,0.0661762361434413,0.1668472242080204,9.036267028569304,2.7086638181255083,213.95770608558848,168.00662005136454,2
Firm 285,2020,54.60460255065258,250.8702291910674,44.135297980667104,,,,,25.533068045428767,,,,,,187.7228147970322,2.9105600292185208,1270.7141585177867,784.5707246348077,3
Firm 286,2020,135.18608759172747,508.8978629782213,37.49961979447557,108.93993011048664,1710.8978687234946,1.2877087664638531,0.2137984207906745,68.04204915231172,647.239752079805,0.8279642276365656,0.6287983331298602,0.2847681761234109,0.4103241590188944,13.954744648215751,0.3725424267068499,3169.161806907737,2430.770080201978,2
Firm 287,2020,156.20164242644412,229.11172358712665,74.71695892992635,997.2023969030936,183.01958137571165,0.2357617777920801,0.3917896060937649,106.9208320210174,876.992775097978,1.912833916159757,0.2492195473303033,1.4032184964241543,0.7897684359045656,40.10880895746622,4.3932947696107565,376.5267606396096,148.85717122051108,3
Firm 288,2020,432.4284230129661,342.1018430536582,444.8871800194948,,,,,425.5689273504674,,,,,,156.53033230130342,2.4299343232974566,1319.9459682745332,118.0033353384337,3
Firm 289,2020,,,,0.0862156094551495,1.362383293726381,0.2011910216274292,0.0392045400388518,,-0.0528504533206249,,,0.204134046934271,,,,,,3
Firm 29,2020,,,,1.0024157400533966,21.451747893409188,3.577399391350866,0.7903224389211289,,33.89904885176929,2.419127690385241,0.1521391777558034,0.1340614594413541,1.4745121978672158,,,,,3
Firm 290,2020,,,,,,,,,,,,,,,,,,3
Firm 291,2020,,,,252.77306455632728,163.81863809309576,0.8036515509120763,0.1907210220212488,,243.15536074383084,1.8959246365246327,0.0007699191453257,0.2673705937768763,0.0675893508643199,,,,,3
Firm 292,2020,62.65660413146574,802.3483014008563,263.2410012953221,,,,,19.93677528638513,,,,,,64.45601246033671,2.1716525082168543,973.8513437212234,63.17319602493218,3
Firm 293,2020,,,,,,,,,,,,,,,,,,3
Firm 294,2020,68.13717680546658,126.2823446953408,0.0047008424854538,299.0465664503628,26.82006137346481,1.294551031125271,0.2029733366690929,,65.91477234445651,0.3336940876741082,0.1453330150270723,0.902780578470838,0.0716678330689534,6.932010422042907,1.8517321796912465,60.36409088051488,734.6140470744836,3
Firm 295,2020,10287.30949942376,8279.521225369139,365.4415555238552,,,,,1396.297028227939,,,,,,4143.092997439862,3.27820095657706,16320.072011050166,2225.1593820978533,1
Firm 296,2020,2.188997545226208,3.0484773384179054,6.262699470958595,,,,,2.1740394197549056,,,,,,1.301687746264023,1.799746876318673,25.011280621020425,16.115683853812882,3
Firm 297,2020,3.5883539018601263,11.829600770811975,18.069588425539266,325.6676787711441,1014.1666376036684,0.6211683022632837,0.4835819839412524,13.244492583709468,680.2729374617528,0.0404455635552196,0.0106097479720937,0.121620902022011,0.2483043627394692,5.748838309547489,0.0232196087207469,118.7188499908263,21.133528987099897,3
Firm 299,2020,73.58684279717238,104.09220049184616,166.8006431717087,6.672813338790342,459.9808591649274,1.1248882649028984,0.4405537212128936,21.51885982010977,25.56840696791398,0.1631851636814218,0.067264129796915,0.6491672354165069,0.4613756338452889,76.27828306531828,3.683323367180779,24.46856875433705,58.74298112222131,3
Firm 3,2020,841.9326761020571,412.4662069588938,38.11941823142893,,,,,54.74418007968672,,,,,,362.0929218655227,0.2452828567268876,540.5946709504975,374.7121550357958,3
Firm 300,2020,23.171404732686963,18.971383515126128,,151.54433010715866,48.922355835918765,0.4689227875608912,0.1599977877278275,,41.155627130192926,2.325435544450259,0.7020288446237519,0.0139362415281445,0.6918845794768744,0.306769995792942,20.46674041555557,19.4702899132927,1.0297627328596008,3
Firm 301,2020,1256.1080765446402,2833.211019752724,2471.328535879042,,,,,4643.040628842599,,,,,,1894.030065903761,1.9217045122455905,22536.63345684912,8013.509491443507,0
Firm 302,2020,102.48613709723264,16.56928668605433,48.71211551288261,,,,,1.3302578979203072,,,,,,2.8340534034797504,0.7645595392156171,121.4838024369434,767.2484999607706,3
Firm 303,2020,10.826751220829667,6.04878554337545,0.0019031130925244,,,,,0.0354845062840043,,,,,,6.167715372213984,0.6088492792562025,17.289457477905906,19.234275535371385,3
Firm 304,2020,18.87308069464096,3.710102143638741,22.61107215839793,2266.0487264932813,487.1360711531078,1.0386077293844251,0.2690412848089229,23.962843209830755,5397.565686692143,1.6354010120094276,0.2404464481177625,1.053157456504358,1.0946396317436595,13.808090528632931,3.0381064007731835,191.67930348111767,294.77198599381614,2
Firm 305,2020,34.691583461757375,35.80093894438526,1379.1315507540166,1800.2246159077029,345.0475028424509,0.8520086677470294,0.5350806830641172,763.9726584142095,116.6136013933024,2.258902233409969,0.0913414836257309,1.461333563861683,1.1604369008429176,22.974779178753664,3.105434626427538,5186.8378711339055,155.51686992206405,3
Firm 306,2020,,,,5.7319612686836034,125.19624271108805,1.1454276411873063,0.2439262233436031,,66.75870911752062,1.692128252801377,0.0288593335995256,1.003774018106372,0.952900703025337,,,,,3
Firm 307,2020,5.125599719860473,41.447234428974895,5.654662003605683,,,,,35.82020375670286,,,,,,4.8664537352982125,0.0899184672743464,89.99166990575571,12.92142250843035,3
Firm 309,2020,152.85058242572367,315.92016351054184,19.77255055268065,,,,,19.43841503863741,,,,,,218.0469517168573,2.843511130459286,200.98565372415808,7.109561041990615,3
Firm 31,2020,,,,112.20051019433764,215.52585454312216,0.4862250888012334,0.0227443864854097,,78.08191785953036,0.5861380267492133,0.6037164399231375,0.6992518137929598,0.7515048634783446,,,,,3
Firm 310,2020,,,,4.212893963351595,,,,,1.5536061065053284,,,,,,,,,3
Firm 312,2020,5.861955645149448,3.1907513229563933,,,,,,,,,,,,0.2124933466694379,40.33508894077652,5.013316184599389,0.1085083266195138,3
Firm 313,2020,343.3201687737325,358.19968204277774,0.2416733245769159,,,,,-138.07587814079065,,,,,,76.85455045055768,4.896544192877617,760.0541866267182,643.8260702699856,3
Firm 314,2020,,,,26.08766034519426,28.37859961783052,0.6028991443414394,1.0259098566018283,,81.30611813572177,0.0710876970270793,0.5721342696310207,0.051890365193664,0.1050468919823294,,,,,3
Firm 315,2020,103.739078838118,51.539806874880085,259.50834979123863,,,,,124.52891357206455,,,,,,4.97508789234776,2.703469267109172,528.0545980698521,11.064353981865429,3
Firm 316,2020,49.74294492626488,772.6235001648896,-0.2632299910826024,217.659645544909,126.53773578346012,0.980753553155089,0.4720066592449797,-0.0241243346975117,13.115071076769445,1.6414000480276516,0.0838692838852801,0.0708747733269237,1.0574612200671594,385.0909317943983,3.045896007191743,1793.9923835860986,1055.3142462094872,3
Firm 317,2020,209.5214001577088,373.9624812403912,3716.102706313892,498.5785912637944,27.47612328291209,0.5123661295558131,0.0603184096368512,3479.2874644951494,379.5999719174109,0.6025933420865003,0.1347327352850593,0.5717411992234398,0.1892582769597576,26.38895459695913,1.312616000449391,8554.845015195036,9605.27471419861,0
Firm 318,2020,,,,21.800525538246458,2.4932990879303056,0.5581873495978712,0.859473241345394,,25.91502237770811,2.6469582829149525,2.346000262277615,0.2684243073567773,0.2766621578416995,,,,,3
Firm 319,2020,,,,16.37617663951067,25.79182084187208,0.6050323707668593,0.1322298614947064,,40.05241842924029,0.999124165182336,0.1345508645597814,2.1247974907206206,1.4199657194759694,,,,,3
Firm 32,2020,,,,8.743029807312267,24.852677903944965,0.2846836910940343,1.015528572199452,,21.574498588172155,0.5932132034790893,0.9267815135508708,0.5839329806493235,0.2976565425132014,,,,,3
Firm 320,2020,1.266278860421292,7.186371600901587,,,,,,,,,,,,0.1607796486072713,0.4774794045736628,2.784329740857092,0.0069378156111005,3
Firm 321,2020,109.3880649110218,60.01331164969199,67.34121365504716,0.942253867522089,2.682639650252752,1.164539832623881,0.2273264772046859,31.25880571614685,0.2891013609664773,0.1595436939454508,0.5144037472626488,0.3285442271917335,0.3153375570962038,175.63139619309578,3.353945893062304,8619.92060990071,10455.584133414814,3
Firm 322,2020,727.0181746794009,3640.241630562444,1129.6649363981385,526.2249021490339,58.26786110881765,1.9846872304753824,0.5139341815420622,2780.6284324620547,80.92185621149365,1.0033501871721842,0.4189616313624984,0.9797099671174804,0.1500251634892813,1571.967374343044,2.6240363237416293,4568.891465245523,5566.091662000592,0
Firm 323,2020,0.0693891530401075,2.7252574254119386,,,,,,,,,,,,2.456778044443438,0.6103178500470142,25.144319558454587,13.019950174420485,3
Firm 324,2020,32.233744232161705,21.921880681107268,51.87389825803615,0.6965457829086448,0.5148592127361848,1.5150674740856374,0.2289167990621356,49.793156607652335,0.9724330539113966,1.41655563755867,0.3747748441495209,0.9087015598425492,0.4056772866584637,37.29447952321796,0.900533102405338,314.6933386451886,298.2989751183636,3
Firm 325,2020,,,,18.939054758736013,0.2381053683685052,0.1579790804585223,0.0455706741506554,,0.8343907587820889,,,0.077119469339202,,,,,,3
Firm 326,2020,,,,,,,,,,,,,,,,,,3
Firm 327,2020,,,,,,,,,,,,,,,,,,3
Firm 328,2020,,,,34.194979522312515,64.36709747298661,0.6014933389488851,0.0652532263542923,,198.69942324173027,0.3450525717686991,0.1723030496173804,1.0868261253430236,0.6807434570990357,,,,,3
Firm 329,2020,,,,1360.786235083497,171.7649290191316,0.0351891405257272,0.3788531310661676,,612.0989725758888,0.5293111846405195,0.2040586737119247,0.063566542800582,0.5234553075524297,,,,,3
Firm 33,2020,5.657414613641614,2.702546028185809,0.145243141580009,,,,,0.1052027273078931,,,,,,3.22066042248746,3.642756611960024,19.511466829684803,90.89973156783238,3
Firm 330,2020,,,,,,,,,,,,,,,,,,3
Firm 331,2020,,,,,,,,,,,,,,,,,,3
Firm 332,2020,,,,675.6151488385237,289.11641117130773,0.9752570128682514,0.2379339380833449,,314.8033078302512,0.2725053457355436,0.2399028003794202,0.1864219779161144,0.3983808074501773,,,,,3
Firm 333,2020,,,,491.5022035721867,197.69494840918097,0.3251504621569971,0.2575885982782968,,9.675321524012078,0.5409329058639906,1.260706776370865,0.0069954189672134,0.2293822724275168,,,,,3
Firm 334,2020,,,,,,,,,,,,,,,,,,3
Firm 336,2020,,,,240.59596716608,-3.3727288567604807,,,,6.886356861716825,6.466689713583831,4.309332509149408,,4.568640759997376,,,,,3
Firm 337,2020,,,,2296.686833066561,1299.88211368278,0.6534776094369737,0.6154875493843325,,1298.2560634748693,1.977102215165716,0.1882421853739878,0.8048947506698982,0.4055345462771378,,,,,2
Firm 338,2020,,,,,,,,,,,,,,,,,,3
Firm 339,2020,,,,60.86427418779903,33.295706307440554,3.5058493001458024,0.4672320154145462,,58.89345673700605,3.4778883976878707,0.7301981714068623,0.6747108750884715,0.1242403095290114,,,,,3
Firm 340,2020,,,,,,,,,,,,,,,,,,3
Firm 341,2020,,,,413.6114949917906,607.2339842733644,0.8475344270307091,0.4500444813627227,,858.4694573317636,0.0988592133024283,0.0831350614065919,0.9954526601535038,0.7437959519670206,,,,,3
Firm 342,2020,,,,,,,,,,,,,,,,,,3
Firm 343,2020,,,,,,,,,,,,,,,,,,3
Firm 344,2020,,,,59.88923822928528,10.027437671818484,1.458235879610699,0.2728013317775136,,92.92020969262023,1.454757298545633,0.2449612564116064,1.2177052371760233,1.1660305545534972,,,,,3
Firm 345,2020,,,,,,,,,,,,,,,,,,3
Firm 346,2020,,,,,,,,,,,,,,,,,,3
Firm 347,2020,,,,25.87184804965208,527.2719655914641,2.112201286209134,0.1083039410138084,,1153.9761971192188,1.2398217108741871,0.7210874754519762,1.0446572173032056,0.8556974435303115,,,,,3
Firm 348,2020,,,,,,,,,,,,,,,,,,3
Firm 349,2020,,,,1795.6004504237017,180.9845413637616,0.0070071989692257,0.4736725414398647,,887.7141104434301,1.446604167016554,0.461901497795454,1.1351305151170217,0.7691030528836815,,,,,3
Firm 35,2020,114.17275663649478,47.01940586850336,906.3377987159772,-23.090437074949644,44.46262028918551,0.8079678477976533,0.1006582350827627,777.0907805309723,-19.39256931981128,1.0363030405922091,0.215647053400507,0.6798264917081633,1.2142549342049445,91.26703816721346,1.1769507260461334,1032.7966046658637,660.4703835197873,3
Firm 350,2020,,,,27.764999115791703,-11.167295720016485,,,,-0.5618282901142639,,,,,,,,,3
Firm 351,2020,,,,403.1950132186143,106.32716188811462,1.319459415929511,0.2674579435400013,,1070.1137233903871,1.1208916283720016,1.0115531058583904,1.0153427182883257,0.7802231992924044,,,,,3
Firm 352,2020,,,,,,,,,,,,,,,,,,3
Firm 353,2020,,,,,,,,,,,,,,,,,,3
Firm 354,2020,,,,7.498390132048648,4.671785862495538,0.1059532480766275,0.0214797016387723,,13.22474073310905,0.2300406881094491,0.4395494181668536,0.0185954402656761,0.3692773337385484,,,,,3
Firm 355,2020,,,,0.2703838129254564,1.3955865122050175,1.4750047476026589,0.3390553993266845,,0.0631512963068527,1.3200132592636864,0.2868326753320697,0.9415810281328534,0.3135438241834172,,,,,3
Firm 356,2020,,,,145.13830666321468,232.7068247762245,0.1934286274814874,0.0827025383981603,,75.04153583580505,0.0806786680537015,-0.0031881465926575,0.985546000168682,0.9656754159654414,,,,,3
Firm 357,2020,,,,,,,,,,,,,,,,,,3
Firm 358,2020,,,,,,,,,,,,,,,,,,3
Firm 359,2020,,,,1104.4501803425128,190.01255682594208,1.7143743984974078,0.0038312382946176,,3859.166073993777,0.8078452697406499,0.5899857657059376,0.9441038146960584,0.4448611535973037,,,,,2
Firm 36,2020,33.38618057417541,16.411970963765825,,38.56082696854525,53.65629631664074,0.5156911700749126,0.4195558434742432,,-0.1961771649774997,0.2597772293240822,0.4897872818800379,1.086705091077789,1.0647898865156302,3.1998793594797466,15.425463612577316,28.440568399082306,3.426517112348168,3
Firm 360,2020,,,,306.33185204318426,91.74328935745322,2.917464062683118,0.199834062692675,,78.28133544072556,0.4232766596502006,0.7158555901319,1.616579673841116,2.0209843325068446,,,,,3
Firm 361,2020,,,,,,,,,,,,,,,,,,3
Firm 362,2020,,,,1097.0179985759485,543.9016408219753,1.356901712198164,0.0747763017528035,,2680.2819709235823,1.409824558266804,0.6194526149734372,0.2372876431097574,0.9492835663145688,,,,,2
Firm 363,2020,,,,45.4110801228036,2.739955151158104,,,,28.896469640179223,,,,,,,,,3
Firm 365,2020,,,,2.972342229447338,14.004635483027158,0.7602912436138425,0.2070934198070321,,7.225322806461273,1.2697533123165496,0.0592718382363617,0.762517850405847,0.1480141223038897,,,,,3
Firm 366,2020,,,,26.69379033199269,62.48748055738955,0.4606031320992569,0.323342798675037,,51.55666006268964,2.5560201394238526,0.1586400806558289,1.5595695422736868,0.897251860730251,,,,,3
Firm 367,2020,,,,,,,,,,,,,,,,,,3
Firm 368,2020,,,,57.15104026386612,236.0649388759056,1.0935654917623423,0.4100581296345376,,181.728489876924,0.6172121529345852,0.2629221813252399,1.3384700480724068,0.0839206546333566,,,,,3
Firm 369,2020,,,,,,,,,,,,,,,,,,3
Firm 37,2020,7.838530687121199,5.948603644718329,13.18570854160975,1936.762567767824,639.2286421795355,0.2935521796767779,0.2767951558398542,0.3885436527798537,677.1062068836322,0.1626862823208005,0.4966063466701962,0.6843648623647549,0.721658298125523,3.379824078620813,1.0690099095536916,11.6966399363284,9.498359693887767,3
Firm 370,2020,,,,,,,,,,,,,,,,,,3
Firm 371,2020,,,,20.1302808702843,163.2948231065622,1.404276069141602,0.4142795549596922,,365.54740046026,2.1742677152817538,0.0469086060519495,3.489907504186727,0.1255925198845031,,,,,3
Firm 372,2020,,,,809.653072733524,212.00558895982903,1.019026393093628,0.4120664185101018,,638.6911156428457,0.935233816919339,0.3860219687892129,1.1094656536258711,0.5797199326758875,,,,,3
Firm 373,2020,,,,0.0123569815393667,-0.0451483443400807,,,,0.0134850557241651,,,,,,,,,3
Firm 374,2020,,,,,,,,,,,,,,,,,,3
Firm 375,2020,,,,171.52406395946508,29.921912925591208,1.2033562215023856,0.0124965337456209,,59.37814284753201,1.8277646739001423,0.4978289782226116,0.0076631866577028,0.9740137619832954,,,,,3
Firm 376,2020,,,,,,,,,,,,,,,,,,3
Firm 377,2020,,,,0.0248229069372341,0.0241177681736438,1.4586912236386431,1.4117552004647145,,0.0509224957004185,2.158692791984385,7.081446145810936,0.0317375878766353,0.0317620965141036,,,,,3
Firm 378,2020,,,,,,,,,,,,,,,,,,3
Firm 379,2020,,,,,-1.5785940894921446,0.1081155986768378,0.0900724042635382,,,-0.0431648285528907,0.3752361293051409,-0.2544202065532566,-1.0068061419771892,,,,,3
Firm 38,2020,,,,758.4259049725812,360.05221926158185,1.08753781155183,0.578936459374456,,18.294425652325742,1.3796840254830922,0.2018581713918608,0.917995523224003,0.2081930469018241,,,,,3
Firm 380,2020,,,,,,,,,,,,,,,,,,3
Firm 381,2020,,,,,,,,,,,,,,,,,,3
Firm 382,2020,,,,-7.044297765516912,,0.4982006633659856,0.5387731153663509,,-1.4222681589282582,0.0071028838641388,0.964507441704066,,,,,,,3
Firm 383,2020,,,,6.733941186210188,1.0387066130772291,0.0454447271481295,1.6507826084143418,,2.251529051767072,0.4002244670855531,0.0349730580883913,0.1148088999722916,0.1650868310504819,,,,,3
Firm 384,2020,,,,1.3650113490736528,0.1322166432967946,,,,0.2075433173113143,,,,,,,,,3
Firm 385,2020,,,,30.16677012694238,24.178760779872,,,,3.725867869382721,,,,,,,,,3
Firm 386,2020,,,,336.4258186119219,20.587115729707527,0.2283787031305945,0.0908106631291696,,277.51541372657834,1.0320504004846285,0.1687881358774933,0.1896252879966012,0.987495178496257,,,,,3
Firm 387,2020,,,,135.11241955830678,1790.6212437252032,1.865218067325292,0.3914755820165589,,1591.531490961979,0.0246020300692118,0.1119404335062612,0.8248830119919812,0.8584518896731268,,,,,2
Firm 388,2020,,,,,,,,,,,,,,,,,,3
Firm 389,2020,,,,,,,,,,,,,,,,,,3
Firm 39,2020,35.149384402833086,94.81458733023102,11.471267800377452,8.629520419691323,3.527486213735923,2.8561217747656684,0.7790473860051302,2.173034065579946,4.117357219918947,7.566521706358904,4.742521499168047,0.2309011612796978,0.1989434678088063,27.68342846806645,5.31728637277628,127.8390679043438,0.22178405680759,3
Firm 390,2020,,,,126.5337715859528,5.612145698918518,0.8841614390432008,0.0450956146442855,,6.167414306456911,0.3917907193653222,0.2546265556003929,1.4401540313786898,0.0968224696695583,,,,,3
Firm 391,2020,,,,74.16841762116054,28.5778124213266,2.6370700624435552,0.3484251982733311,,133.31704902865724,1.3446220986497823,0.268891438740391,0.0783652997565392,0.3170620019966295,,,,,3
Firm 392,2020,,,,6.42974323299798,30.95237916201944,1.366949018849398,0.0168590523987924,,4.816710038282942,0.903616623641602,0.3183622118376762,0.0617686545903276,0.0284297930253539,,,,,3
Firm 393,2020,,,,1063.5847805299727,9.284199098296986,1.6558688780477289,0.0247237747909598,,275.9450953761197,0.3005159806345846,0.7430406275208101,0.8818871576899966,0.3182923803311227,,,,,3
Firm 394,2020,,,,22.84911846192248,30.620501302515407,0.3307270016733843,0.3663515079947642,,87.13639884654708,2.7508934521743136,0.2359602644499685,1.1264866101809283,0.9795464289010976,,,,,3
Firm 395,2020,,,,18.372235418689232,3.925816225190173,0.0421440448371278,0.2905144789990191,,11.822370109388334,0.8886134184296736,0.450800783670637,0.3486649036503715,1.1992078764046985,,,,,3
Firm 396,2020,,,,69.19457300495407,1.8585021832590345,,,,21.996769090379424,,,,,,,,,3
Firm 397,2020,,,,1041.5127697079756,346.2191195964089,1.0214701642830322,0.2962255141117209,,485.74388785226927,1.13301143734343,0.5986823420971308,0.9213666453812922,0.8006362365552093,,,,,3
Firm 398,2020,,,,,,,,,,,,,,,,,,3
Firm 399,2020,,,,,,,,,,,,,,,,,,3
Firm 40,2020,278.8445311075053,519.5103628685356,806.816024814479,156.99863610707817,204.02093789498448,0.7239829634975938,0.6588441580177884,497.1814968620608,121.28478440378235,2.6005211821910827,0.5483784842277788,1.4110288075325554,0.7349092551718917,231.3152372630016,2.933597984336858,196.8367498256003,3452.2896790704103,3
Firm 400,2020,,,,4.136772209117311,8.702899710274718,0.772997879669157,0.9549800476595296,,0.2928840065678831,0.9727444327172428,1.3693614565996508,2.20124883156722,1.7797055204866017,,,,,3
Firm 401,2020,,,,,,,,,,,,,,,,,,3
Firm 402,2020,,,,,,,,,,,,,,,,,,3
Firm 403,2020,,,,1130.9286252836275,96.05001764147896,4.216360246467957,0.0228921133407979,,1105.5180567566565,2.7021682068462094,0.7266674482933453,2.533107871802472,0.5434375384972753,,,,,3
Firm 404,2020,,,,6.063101615243314,-0.0694105457047854,,,,-0.0179203651345747,,,,,,,,,3
Firm 405,2020,,,,806.3685053727697,431.6138410934504,1.6881833762032326,0.3563910045568995,,419.385058985639,1.640722022344631,0.2727307172263418,0.5757558142478049,0.4337967537108714,,,,,3
Firm 406,2020,,,,,,,,,,,,,,,,,,3
Firm 407,2020,,,,,,,,,,,,,,,,,,3
Firm 408,2020,,,,274.7597000468098,46.48596060758011,0.2029489079188685,0.0172373125700912,,202.5038089496169,1.69079660180129,0.1907882479770021,0.1198829530833393,0.8361505742595509,,,,,3
Firm 409,2020,,,,433.2202521240907,249.25740910664769,0.8221532814118698,0.2870782470588329,,113.19934115832768,0.7994969382094159,0.5903285039237668,0.3286524441562415,0.4758437371290891,,,,,3
Firm 41,2020,5.593872781521084,9.133821249683413,3.995602490387353,8.275613533573228,0.5428587097120295,0.1856962789031957,0.4438212294369718,2.945604299016451,3.379697930148363,0.2654618168388011,0.0495343522499812,0.0318811972840961,0.0307340375331937,1.4303609614742372,2.902703765558853,10.877967049483011,0.3308639469182602,3
Firm 410,2020,,,,,,,,,,,,,,,,,,3
Firm 411,2020,,,,0.1955099539877351,-0.0074463359725567,0.5672103973908205,0.8369576519770362,,0.0723945026920114,0.3327896507786437,0.9209617125112188,-0.0026100150412943,-0.0034612901842391,,,,,3
Firm 412,2020,,,,,,,,,,,,,,,,,,3
Firm 413,2020,,,,,,,,,,,,,,,,,,3
Firm 414,2020,,,,101.39977638962604,-1.0433807133494042,-0.4358415796981131,0.2019635239340974,,124.71156232351076,-0.3625801848370738,0.7937121822642368,-1.324120921674572,-0.2758892606130879,,,,,3
Firm 415,2020,,,,,,,,,,,,,,,,,,3
Firm 416,2020,,,,230.16257072014903,88.02636303798782,0.3216375871305029,0.8659388893905269,,388.8317250734347,0.1389099483208272,0.2547023868514254,1.2045426600475946,0.1517861886363142,,,,,3
Firm 417,2020,,,,5.6025547404064895,17.708795965191307,0.1065762993147573,0.3050048845371472,,73.04509863026912,1.7597408141352402,0.8499712533580112,0.9639417014544632,0.4099264446821577,,,,,3
Firm 419,2020,,,,1.7361966444621129,15.9166192772033,0.0092280078456251,0.1186197290853372,,0.1819575076419623,0.2393979014508961,0.2395865636748785,0.5100356450944945,0.6587470329133652,,,,,3
Firm 42,2020,77.22628395377563,84.48992916472871,421.3415322705052,-17.250891553167843,246.16583957864376,1.6642569415949666,0.8412896928039109,32.63289678435826,-65.65831375630533,1.247496282207586,0.6930269036898289,0.7225353374395241,0.4136640544408281,36.00320599617816,1.92230252114282,624.1004663294814,40.89106806452923,3
Firm 420,2020,,,,132.33557211111486,14.558753660594755,,,,215.73300943547085,,,,,,,,,3
Firm 421,2020,,,,0.076209990908993,0.0672921977199785,1.2575639235481555,1.3383537259950504,,0.4475504234686641,0.5961204113595451,0.1362813313517246,0.0519825542083274,0.0422206675835226,,,,,3
Firm 422,2020,,,,,,,,,,,,,,,,,,3
Firm 423,2020,,,,0.0477179779708516,0.0084619350901198,,,,0.0497675909630903,,,,,,,,,3
Firm 424,2020,,,,,,,,,,,,,,,,,,3
Firm 425,2020,,,,,,,,,,,,,,,,,,3
Firm 426,2020,,,,2.551286402918794,-1.4879039693150389,-0.0182242327577042,0.0138419296895922,,145.13630071374615,0.0104256469855884,0.0187909643591136,-0.189414529234101,-0.0048602575048373,,,,,3
Firm 427,2020,,,,3893.347092906706,2047.0258583436548,1.3777420351349288,0.2871735220800968,,177.35044347833698,1.756724079585014,0.3161694209168901,0.0149800404467946,0.4759480162794506,,,,,2
Firm 428,2020,,,,2219.56786473295,955.820001704008,0.5388945301147726,0.4223827519237504,,703.7265646826693,0.6355528178280873,0.224333512425014,0.5121905276641445,0.8352267171754484,,,,,2
Firm 429,2020,,,,1177.1574023541289,543.5979888851807,1.1046459788556318,0.2369687192122198,,724.1586578619672,0.7070759526777551,0.4945004014245023,0.1208946116884333,0.4614103711643648,,,,,3
Firm 43,2020,2.152491186470486,6.095644425308666,,,,,,,,,,,,1.5253845416948266,1.9483082021853075,37.68833125632883,62.37494635296128,3
Firm 430,2020,,,,383.5032898172373,74.96544519005332,0.6604140186025632,0.3773170984717384,,237.09773293953228,1.757235830304993,0.0468478627397523,0.8298286357052935,1.1256253669980605,,,,,3
Firm 431,2020,,,,60.53772375861858,174.32341574496337,0.7829443139298594,0.3529609309100684,,44.826129427474655,1.564078903385642,0.3997273221927551,1.1600454928618884,0.4677491072271533,,,,,3
Firm 432,2020,,,,6.684400074308147,4.464660635696427,0.0584067489853246,0.0683851729575565,,0.6182268825620729,1.0645944734348172,0.1587222416348661,0.4872276784055271,0.2845038063427628,,,,,3
Firm 433,2020,,,,0.0109601527783394,0.0002276711340747,,,,0.0347853598028167,,,,,,,,,3
Firm 434,2020,,,,,,,,,,,,,,,,,,3
Firm 435,2020,,,,,,,,,,,,,,,,,,3
Firm 436,2020,,,,15.260134014986535,0.7425462155910206,0.3211154727925464,0.0107324930792109,,1.62554077711371,0.8916673281759496,0.4486050844661133,0.1214950797146505,0.0227344612006216,,,,,3
Firm 437,2020,,,,40.3632811735754,0.6681747345167428,0.1622912324746339,0.117111606652179,,3.4812977235479763,0.751196740859995,0.1513221504994076,0.081165065084119,0.0446272256239867,,,,,3
Firm 438,2020,,,,,,,,,,,,,,,,,,3
Firm 439,2020,,,,,,,,,,,,,,,,,,3
Firm 44,2020,,,,-0.0294934581186191,0.3589212282388729,1.4651043447252607,0.0960305798974685,,-0.0469718302019347,1.4299831847445983,0.0939224453795582,0.2898603059416149,0.1348919758910723,,,,,3
Firm 440,2020,,,,333.6327654687296,113.63434467464155,0.1381755513093261,0.034835816622282,,184.7875225371736,1.7721858485033102,0.2152474322764272,0.3293695948843262,0.028619036842899,,,,,3
Firm 441,2020,,,,0.0205083011159733,0.2866525425932784,0.4802066593809028,0.0017860623358499,,0.0087764409015051,0.0497267303325236,0.0016838683759411,0.1217781342980134,1.0458580379528055,,,,,3
Firm 442,2020,,,,50.6855692100291,-9.880918075585749,,,,0.0693510318596013,,,,,,,,,3
Firm 443,2020,,,,17.448121422742954,3.391861331110144,2.5905598654021573,0.0909710559356809,,10.479207280534768,0.6761453309584733,1.1761026088489157,1.0006907944223422,1.591742421223646,,,,,3
Firm 444,2020,,,,,,,,,,,,,,,,,,3
Firm 445,2020,,,,612.3060215990303,281.9430527817924,0.4883269316911713,0.0911016624231058,,-13.905715610520268,0.7299546142555507,-0.188481528805037,0.9065756265772846,1.9570293833691248,,,,,3
Firm 446,2020,,,,,,,,,,,,,,,,,,3
Firm 447,2020,,,,,,,,,,,,,,,,,,3
Firm 448,2020,,,,,,,,,,,,,,,,,,3
Firm 45,2020,215.30140294773585,96.65982954165187,740.5663630408662,,,,,58.911767812431975,,,,,,179.07624923049823,0.5504242431323202,60.39684635984808,559.391474124179,3
Firm 450,2020,,,,3.4936621343828445,5.183548342354993,0.3193091348308519,0.3492059407724253,,0.3152792775609171,0.911150229950599,0.4422532035555511,0.1355446287185581,0.5229879629409935,,,,,3
Firm 451,2020,,,,3635.1282939337234,1684.5492695355958,0.2726127457439586,0.5346409760315212,,3026.7809382626706,0.5073611235447961,0.4460156883820189,1.435381392306048,0.6878137021629507,,,,,2
Firm 452,2020,,,,,,,,,,,,,,,,,,3
Firm 453,2020,,,,506.8902563875992,-3.383744695285689,,,,164.98447361110692,,,,,,,,,3
Firm 454,2020,,,,8.056085073104539,15.241039297968562,0.3523092615252307,0.4412479467910153,,13.380063125120778,5.831115515501716,1.023033370131598,1.7825269912360917,1.274216282078109,,,,,3
Firm 455,2020,,,,203.5304929057457,185.07929624832985,4.331668822538392,0.8923256876475595,,140.07293878563937,-0.7687348497884872,-0.3571837644904225,6.142920611825655,-0.7179798290560867,,,,,3
Firm 456,2020,,,,,,,,,,,,,,,,,,3
Firm 46,2020,29.9622281763607,16.683396549787915,214.1319493159104,2.1830639399089984,0.0381008618815807,,,3.6256270861306192,2.393016726653169,,,,,4.126801010722163,6.254549594256381,171.88615700915676,145.8944037614632,3
Firm 47,2020,27.897160996584216,17.720901483664612,572.2460561764522,,,,,1289.3137848111803,,,,,,2.6737045041951872,7.538695486536298,3549.838361409663,3108.30484604842,3
Firm 48,2020,162.9782063190254,138.20521635676351,113.3834820143319,,,,,68.17854333545951,,,,,,69.85984721165535,2.6560268207729134,422.1508763564231,47.32858425284029,3
Firm 49,2020,4.915335446787802,1.572050619249873,5.186922992607871,2077.1038882283733,-2.120253404149437,0.3252042664895023,0.4664326698975815,4.234015215519812,271.05888770290494,0.0048427387997776,1.285019355679142,-0.0996941417694868,-1.1819277923314144,6.067793859752223,3.0957824491153154,17.491526741292798,21.204983312510905,3
Firm 5,2020,142.78356894548756,103.1809723399498,32.277534869186994,722.2394978665125,5.927624122258505,1.133645348089864,0.0487029897576264,61.72729473804931,582.1919882048094,1.86966754680978,0.0583449431291311,0.7346374105448757,0.9145954116007368,91.51528935936774,1.618599724318172,15.049929055868704,106.1795427142517,3
Firm 50,2020,,,,-146.20807749149117,-0.7545021289929345,0.0494076988698874,0.5883865969682969,,-76.18970348831812,0.4419639321160977,0.2079892334229444,-0.0044212030915392,-0.0035882980237555,,,,,3
Firm 51,2020,1.555642621217925,2.3024657366439345,2524.6160780767045,,,,,3789.8827108453934,,,,,,4.4768328770204,2.4322845877456967,32271.71790124481,20522.31796944707,0
Firm 52,2020,20.131555949955416,14.249742156123457,2.9196674020201843,7724.639060913993,1783.5411126504005,1.1581957470025324,0.1511323473540812,0.7719175290612278,5539.66859837531,2.51412975859551,0.1947486780307664,1.317521668633847,0.5850929428242158,4.497713320818515,2.6439028749117712,23.47726934157212,13.66922281521006,2
Firm 53,2020,288.5590881505276,199.2663536294843,219.3230398223688,2.2067200241300844,6.116390710075655,0.7847390486072905,0.2485755945554336,-2.1128918642860355,11.91211717267587,1.4073733365989225,0.483825367152099,0.5479189030710884,0.8068933790966547,32.21711177529238,21.77713667572372,11715.204671495054,6809.672248137305,3
Firm 54,2020,,,,,,,,,,,,,,,,,,3
Firm 55,2020,764.5089374778313,1016.8583799738568,-8.426424558773638,,,,,-31.32979405934222,,,,,,375.5770705060167,0.9026531640809692,782.6953245209891,200.87456448399328,3
Firm 56,2020,1.0300155999442284,6.730731652279859,,528.825728382343,217.5861793315895,1.010372791215338,0.2363168334554466,,26.69836828828036,0.6302261675441384,0.1624448096730927,0.0162805829944815,0.705773655372968,0.3900158031328473,7.870966528900046,4.625602584113949,3.8352620744159887,3
Firm 57,2020,14.863812755803666,32.877491405364644,0.2561459501662327,,,,,12.703481093841972,,,,,,6.159465264673625,1.4031380183526323,120.92254875690683,167.51808796116984,3
Firm 58,2020,235.7516674637805,251.95421372015545,,39.69078450628891,34.23807427541124,0.1371281293109015,0.851683103741916,,-0.0298422265534155,0.9731192687215882,1.3870949531874974,0.4694470289706838,0.2313197533592761,92.3742722926863,1.0301517156413418,662.0363494072374,742.7247705452704,3
Firm 59,2020,66.47604018028235,103.293898085975,191.6445762565177,78.90925962530022,69.63939735340281,0.98224589736529,0.4894724319683646,3.115841936442985,54.54190480995599,0.2727252539506749,0.2602967497327795,0.559579762185361,0.0574056117222462,53.42903764758435,2.302629683982893,160.2986463180609,421.4078867529258,3
Firm 60,2020,,,,74.96940664671135,33.10007421897716,0.6288452749188179,0.2402044285159174,,495.8918425761374,0.0596293496698011,0.1059649898165302,0.1221569741404323,1.0402556660956832,,,,,3
Firm 61,2020,137.06820193166544,61.70955315964156,1.4968465496671193,,,,,0.6539090626804386,,,,,,104.94036193203198,0.6739870125798814,421.21716535175455,39.41334443340202,3
Firm 62,2020,236.22947146102905,51.12973064865637,36.07197230310222,,,,,-49.83675875785557,,,,,,124.31611869286829,1.035119373075598,328.7177872787424,119.952402061602,3
Firm 63,2020,296.2369284400736,267.1353592537682,173.57486302772384,351.5744569137217,31.339189140982658,1.8419269912298184,0.159830320296035,127.07730944211346,89.8697364360482,0.9464014863564906,0.4981405994436936,0.1840298857992917,0.8975722500845307,23.19361631586008,0.8704388415246035,144.3319701908042,70.4874570357012,3
Firm 64,2020,,,,208.7443408386121,-34.3792396613433,,,,1.4721284405935195,,,,,,,,,3
Firm 65,2020,,,,2.249204316507551,5.787157950464906,0.8661312605401236,0.1868415776462064,,21.71400664333228,1.2256953864347726,0.1195649546219867,0.2591049295637064,0.7124048229613749,,,,,3
Firm 66,2020,,,,,,,,,,,,,,,,,,3
Firm 67,2020,,,,,,,,,,,,,,,,,,3
Firm 68,2020,,,,19.307479122156835,0.6705082162380316,2.127711044992991,1.055193938073972,,12.954319960786842,1.4541594276562126,1.245447070621387,0.7593344465313218,-0.2428881037685245,,,,,3
Firm 69,2020,8.72209498000021,30.6165797620798,0.8145891372508383,,,,,1.234139078825602,,,,,,20.47640553648328,2.1460928136608834,45.30744606518786,5.775944015271128,3
Firm 70,2020,93.13284583841624,160.1445956310317,35.03256307766614,,,,,14.768487160607966,,,,,,89.72108650606225,0.2301951982300819,58.419367166609256,-2.6087340902537948,3
Firm 71,2020,,,,77.31780019425103,13.79349020091266,1.0953972082261207,0.8145100098972066,,287.87430003199853,0.3473159875748525,0.7937332526781665,0.5542174684089389,0.2075594460296606,,,,,3
Firm 74,2020,0.5938433879165483,96.42460443379312,523.2283433037451,1614.1771546872326,390.2811555780037,2.001873963612112,0.6081467600884485,359.47361588160976,2037.166328799943,0.383126739131509,0.0946397377738527,0.9342744813144608,1.3555468398852084,241.23951890141888,3.3878012078397743,574.875105996929,484.6480296857087,2
Firm 75,2020,112.27816404293904,107.3622578094897,24.8284166030223,24.872222589057618,3.0611655468783416,1.5151518324455453,0.7597136928633456,3.003248963107773,2.773957851815481,1.6801316447085664,0.1493534603866194,0.3845892706752547,0.3381696356268131,30.852142843212444,4.294430069429115,105.34412385700853,110.79112031841164,3
Firm 76,2020,675.6408836317337,145.0505210578217,34.9023953037937,134.49681048936677,,,,1987.0911341835583,119.97649801111262,,,,,2278.6507584084675,1.0778568251041691,19484.542278103,16362.47324829477,0
Firm 77,2020,7.99283708896057,11.171277421756471,0.4604195146143542,,,,,0.0592820575161298,,,,,,2.302101516525885,1.3566022772450823,2.2299433762219465,15.577132271945269,3
Firm 78,2020,19.809623842366136,137.64855753103234,1.226554763773771,,,,,27.62595197967628,,,,,,168.79265228996738,1.2978482399346345,1500.2648686505386,1255.5206550106825,3
Firm 79,2020,,,,54.50812029969055,59.1201790976143,1.2434771299394838,0.6419097524323519,,24.041219485654963,0.7145898392356673,0.6418415149424127,0.0325563097286976,0.4941698539264309,,,,,3
Firm 8,2020,,,,0.0277326113532457,,,,,0.2624068904833205,,,,,,,,,3
Firm 80,2020,623.9567440729687,258.6161424740929,2321.457306926129,0.5544744850150143,64.25569624529118,1.490072065150226,0.0818145808709402,3198.4502021970807,9.87376099631101,0.4928227610021151,0.0078451982167491,0.4469969756771195,0.8720994883181099,256.34457575203606,3.2814815414744203,1804.201153990595,852.5488585587487,3
Firm 81,2020,4.714081903426444,4.597363662434358,0.0695294775155671,789.3685423195456,802.3217124849002,0.1839837140557974,0.6543419829899224,0.1331749270803375,1793.5026759448,1.3384626636109491,0.1401224885933064,0.0522197275197774,0.8505341018413776,1.657933626616908,5.143149299600217,4.268400183484583,0.2948906537876402,2
Firm 82,2020,61.524724545606,923.2268931591,433.74658335380366,,,,,386.28193573236695,,,,,,100.52603645168588,2.3946015227106088,468.62525056971634,29.92941306596068,3
Firm 83,2020,13.322215739925603,5.019369854507606,,,,,,,,,,,,21.077577316190204,0.7641606531238826,28.168379403149068,0.0285091654160959,3
Firm 84,2020,,,,36.26067377392037,23.46411241786648,0.7003723671999863,0.0134168767195793,,101.36983674931166,0.840223450025376,0.2396356477893876,0.5217925468894907,0.1368272054764143,,,,,3
Firm 85,2020,16.44319799068269,25.231708060555054,,298.26852210419486,131.65573043461237,1.403563973595449,0.2805897017172151,,7.72001797676125,0.3010531139174408,0.0300624917513305,0.6001127309427312,0.2427494975948083,3.4777944772176723,0.13861100167989,45.16492114653271,16.197984742717097,3
Firm 86,2020,24.70973052517583,44.71919018408945,43.911322124441774,172.33444484984136,110.02662057225282,0.6714380065611735,0.4938966916266157,8.796946780617343,57.54543587440137,0.883601956707338,0.7637112112520096,0.5907815174420756,0.1031928067536096,30.661811953161887,1.9148580470695635,137.07429621266206,83.3945880026333,3
Firm 87,2020,92.65125303562348,230.3383230136309,229.89541135503305,80.55155365611968,73.6417971899028,1.1768697362230234,0.1851073710143878,75.39069654842827,32.93217964688947,0.4930628717266802,0.4182394987028379,0.4798562201575123,0.7090089639210694,78.8083678251393,2.3589262994786493,356.00312669601226,128.85395474262535,3
Firm 88,2020,0.0690223315199527,12.808502814276494,4.543592727208087,-0.0655917787849874,,5.73170484628046,5.880434892906658,1.5846260421699765,-0.0377330534010596,5.178019705479263,4.975973880800552,,,7.626344656402414,0.569114393748211,1.7313489340769743,12.446034411019417,3
Firm 89,2020,725.4663974562848,758.3689297015374,107.85228096875512,50.41279045935768,123.79566756341411,1.2361404503661844,0.1219186026259235,481.646137364583,224.13913482424456,2.392856010115619,0.5838872099113366,0.0970926742318947,1.1611746144418909,54.988794381846425,1.960817822876924,4594.024389251457,9324.397986325292,3
Firm 9,2020,33.47002767464453,49.33002905362435,7.422013445389735,,,,,6.464530757397718,,,,,,16.499678590967953,0.2572195574138853,34.161110689688265,23.9138266434646,3
Firm 90,2020,127.88350397591547,102.80189210676232,0.0011698168056041,,,,,0.0036401624658191,,,,,,35.77322476362354,2.1820633052680893,22.067801855450245,78.36841887089345,3
Firm 91,2020,,,,146.92327322221809,143.75690482782062,1.0679806400591685,0.0781419268052375,,76.39494255698624,2.1547744987064013,2.2533615211678986,1.3998383068828917,-0.2766393990348232,,,,,3
Firm 92,2020,49.98995437579513,79.98584838752036,487.9858042294573,0.0706536133490406,3.2238824344240107,1.1842433301217166,0.8095089670531521,475.6450895789032,60.42695573974222,2.0039910535580776,0.523076208055706,0.0067642588488175,0.4520636206485706,115.02504231403248,0.0734184986258887,50.63195695826387,71.04570893428681,3
Firm 93,2020,1.2115127422663543,52.72600422222175,0.7539791010421502,,,,,1.2304753472864904,,,,,,33.00386528297122,5.606870458028116,184.40023049441075,12.733462147823426,3
Firm 94,2020,4.447144858874855,5.280394067693132,,-19.36707548052326,10.799796536560091,0.2197411346180932,0.1590257240039357,,9.95243571766416,0.1254354636381553,0.1531387040874977,0.6159735003296626,0.525004030753039,1.5147949139353745,15.792977470050602,17.69897948305579,0.3600827779148099,3
Firm 95,2020,,,,,,,,,,,,,,,,,,3
Firm 96,2020,,,,,,,,,,,,,,,,,,3
Firm 97,2020,53.10028193584127,30.446046658585857,0.7131960683945987,214.90902167244755,90.3562807184666,0.9817623656406184,0.1903202401362711,3.2553631486115404,174.22005261241983,0.2042092236917804,0.4724085404688726,0.4344468891788501,1.6566444916034142,15.641886609787894,0.0322311553480053,130.7942597273871,49.36742522911233,3
Firm 98,2020,0.3988929672477008,11.931532333643077,,,,,,,,,,,,2.175795783508712,9.588759653802764,11.73679235556598,0.5208739786082671,3
